{"cameraMode":{"drawMode":0,"name":"Shaded","section":"Shading Mode"},"sceneLighting":true,"audioPlay":false,"sceneViewState":{"m_AlwaysRefresh":false,"showFog":true,"showSkybox":true,"showFlares":true,"showImageEffects":true,"showParticleSystems":true,"showVisualEffectGraphs":true,"m_FxEnabled":true},"in2DMode":false,"pivot":{"x":31.595680236816408,"y":-6.432466506958008,"z":13.232475280761719},"rotation":{"x":0.16213998198509217,"y":0.7243287563323975,"z":-0.18211624026298524,"w":0.6449570059776306},"size":26.164318084716798,"orthographic":false}